URL,Brand,Template
https://lottabody.com/,Lottabody,Homepage
https://lottabody.com/alotta-gallery/,Lottabody,Gallery
https://lottabody.com/alotta-gallery/alotta-strength/,Lottabody,Gallery
https://lottabody.com/category/product/,Lottabody,Product Collection
https://lottabody.com/category/study-material/,Lottabody,Blog Listing
https://lottabody.com/coconut-and-shea-oils/,Lottabody,Product Line Landing
https://lottabody.com/coconut-and-shea-oils/24hr-edge-gel/,Lottabody,Product Detail
https://lottabody.com/coconut-and-shea-oils/5-n-1/,Lottabody,Product Detail
https://lottabody.com/coconut-and-shea-oils/cleanse-me/,Lottabody,Product Detail
https://lottabody.com/coconut-and-shea-oils/control-me-edge-gel/,Lottabody,Product Detail
https://lottabody.com/coconut-and-shea-oils/curl-and-style-milk/,Lottabody,Product Detail
https://lottabody.com/coconut-and-shea-oils/custard-gelee/,Lottabody,Product Detail
https://lottabody.com/coconut-and-shea-oils/edge-gel/,Lottabody,Product Detail
https://lottabody.com/coconut-and-shea-oils/foaming-mousse/,Lottabody,Product Detail
https://lottabody.com/coconut-and-shea-oils/fortify-me-product/,Lottabody,Product Detail
https://lottabody.com/coconut-and-shea-oils/hydrate-me/,Lottabody,Product Detail
https://lottabody.com/coconut-and-shea-oils/hydrate-me-coconut-and-shea-oils/,Lottabody,Product Detail
https://lottabody.com/coconut-and-shea-oils/illuminate-me-shine-mist/,Lottabody,Product Detail
https://lottabody.com/coconut-and-shea-oils/love-me-5-n-1-leave-in-treatment/,Lottabody,Product Detail
https://lottabody.com/coconut-and-shea-oils/moisturize-me-curl-and-style-milk/,Lottabody,Product Detail
https://lottabody.com/coconut-and-shea-oils/sleek-me-blowout-lotion/,Lottabody,Product Detail
https://lottabody.com/coconut-and-shea-oils/style-me-texturizing-setting-lotion/,Lottabody,Product Detail
https://lottabody.com/coconut-and-shea-oils/texturizing-setting-lotion/,Lottabody,Product Detail
https://lottabody.com/coconut-and-shea-oils/twist-me-product/,Lottabody,Product Detail
https://lottabody.com/coconut-and-shea-oils/wrap-me-foaming-mousse/,Lottabody,Product Detail
https://lottabody.com/contact/,Lottabody,Contact
https://lottabody.com/exercise-your-privacy-rights/,Lottabody,Legal/Policy
https://lottabody.com/lottabody-control-24hr-edge-gel/,Lottabody,Product Detail
https://lottabody.com/lottaselfie-terms/,Lottabody,Legal/Policy
https://lottabody.com/milk-and-honey/,Lottabody,Product Line Landing
https://lottabody.com/milk-and-honey/boost-me/,Lottabody,Product Detail
https://lottabody.com/milk-and-honey/elongate-me/,Lottabody,Product Detail
https://lottabody.com/milk-and-honey/hold-me/,Lottabody,Product Detail
https://lottabody.com/milk-and-honey/nourish-me/,Lottabody,Product Detail
https://lottabody.com/milk-and-honey/refine-me/,Lottabody,Product Detail
https://lottabody.com/milk-and-honey/refine-me-curl-defining-mousse/,Lottabody,Product Detail
https://lottabody.com/milk-and-honey/restore-me-conditioner/,Lottabody,Product Detail
https://lottabody.com/milk-and-honey/restore-me-shampoo/,Lottabody,Product Detail
https://lottabody.com/milk-and-honey/tame-me/,Lottabody,Product Detail
https://lottabody.com/privacy/,Lottabody,Legal/Policy
https://lottabody.com/professionals/,Lottabody,Landing/Promo
https://lottabody.com/study-material/deep-conditioning-natural-hair-shea-coconut/,Lottabody,Blog Article
https://lottabody.com/study-material/lottabody-activate-curl-activator/,Lottabody,Blog Article
https://lottabody.com/study-material/lottabody-activate-curl-activator/activate-me/,Lottabody,Blog Article
https://lottabody.com/study-material/lottabody-control-edge-gel-black/,Lottabody,Blog Article
https://lottabody.com/study-material/lottabody-fortify-strengthening-leave-conditioner/,Lottabody,Blog Article
https://lottabody.com/study-material/lottabody-hydrate-shampoo-conditioner/,Lottabody,Blog Article
https://lottabody.com/study-material/lottabody-illuminate-me-shine-mist/,Lottabody,Blog Article
https://lottabody.com/study-material/lottabody-milk-honey-natural-hair/,Lottabody,Blog Article
https://lottabody.com/study-material/lottabody-twist-curl-styling-pudding-coconut-shea-hair-shrinking-braids/,Lottabody,Blog Article
https://lottabody.com/style-gallery/,Lottabody,Gallery
https://lottabody.com/terms/,Lottabody,Legal/Policy
https://lottabody.com/thanks-for-registering/,Lottabody,Landing/Promo
https://lottabody.com/where-to-buy/,Lottabody,Where to Buy
https://lottabody.com/where-to-buy/amazon/,Lottabody,Retailer Detail
https://lottabody.com/where-to-buy/dollar-general/,Lottabody,Retailer Detail
https://lottabody.com/where-to-buy/family-dollar/,Lottabody,Retailer Detail
https://lottabody.com/where-to-buy/freds/,Lottabody,Retailer Detail
https://lottabody.com/where-to-buy/shop-naturally-curly/,Lottabody,Retailer Detail
https://lottabody.com/where-to-buy/walgreens/,Lottabody,Retailer Detail
https://rouxbeauty.com/,Roux Beauty,Homepage
https://rouxbeauty.com/about-roux/,Roux Beauty,About
https://rouxbeauty.com/about-roux/roux-101-secrets/,Roux Beauty,About
https://rouxbeauty.com/blog/,Roux Beauty,Blog Listing
https://rouxbeauty.com/chocolate/,Roux Beauty,Landing/Promo
https://rouxbeauty.com/contact-us/,Roux Beauty,Contact
https://rouxbeauty.com/exercise-your-privacy-rights/,Roux Beauty,Legal/Policy
https://rouxbeauty.com/free-samples/,Roux Beauty,Landing/Promo
https://rouxbeauty.com/giving-thanks-to-you/,Roux Beauty,Landing/Promo
https://rouxbeauty.com/grey-hair-dont-care/,Roux Beauty,Blog Article
https://rouxbeauty.com/hair-care/,Roux Beauty,Product Collection
https://rouxbeauty.com/hair-care/rejuvenating/,Roux Beauty,Product Collection
https://rouxbeauty.com/hair-care/rejuvenating/leave-in-treatments/,Roux Beauty,Product Collection
https://rouxbeauty.com/hair-care/rejuvenating/leave-in-treatments/07-extra-volume/,Roux Beauty,Product Detail
https://rouxbeauty.com/hair-care/rejuvenating/leave-in-treatments/233-extra-repair/,Roux Beauty,Product Detail
https://rouxbeauty.com/hair-care/rejuvenating/leave-in-treatments/hair-and-scalp-rehab/,Roux Beauty,Product Detail
https://rouxbeauty.com/hair-care/rejuvenating/porosity-control/,Roux Beauty,Product Detail
https://rouxbeauty.com/hair-care/repair-and-shine/,Roux Beauty,Product Collection
https://rouxbeauty.com/hair-care/weightless-oils/,Roux Beauty,Product Collection
https://rouxbeauty.com/hair-care/weightless-oils/luminous-shampoo/,Roux Beauty,Product Detail
https://rouxbeauty.com/hair-care/weightless-oils/restorative-hair-masque/,Roux Beauty,Product Detail
https://rouxbeauty.com/hair-care/weightless-oils/softening-conditioner/,Roux Beauty,Product Detail
https://rouxbeauty.com/hair-color/,Roux Beauty,Product Collection
https://rouxbeauty.com/hair-color/clean-touch-stain-remover/,Roux Beauty,Product Detail
https://rouxbeauty.com/hair-color/fanci-full-rinse/,Roux Beauty,Product Detail
https://rouxbeauty.com/hair-color/tween-time/,Roux Beauty,Product Detail
https://rouxbeauty.com/hair-coloring/,Roux Beauty,Product Collection
https://rouxbeauty.com/indulge-your-hair-with-rouxs-new-weightless-precious-oils-collection/,Roux Beauty,Blog Article
https://rouxbeauty.com/privacy/,Roux Beauty,Legal/Policy
https://rouxbeauty.com/roux-tween-time-issuing-challenge-show-us-roots-america/,Roux Beauty,Blog Article
https://rouxbeauty.com/saves/,Roux Beauty,Landing/Promo
https://rouxbeauty.com/specials/april/,Roux Beauty,Monthly Specials
https://rouxbeauty.com/specials/august/,Roux Beauty,Monthly Specials
https://rouxbeauty.com/specials/december/,Roux Beauty,Monthly Specials
https://rouxbeauty.com/specials/february/,Roux Beauty,Monthly Specials
https://rouxbeauty.com/specials/january/,Roux Beauty,Monthly Specials
https://rouxbeauty.com/specials/july/,Roux Beauty,Monthly Specials
https://rouxbeauty.com/specials/june/,Roux Beauty,Monthly Specials
https://rouxbeauty.com/specials/march/,Roux Beauty,Monthly Specials
https://rouxbeauty.com/specials/may/,Roux Beauty,Monthly Specials
https://rouxbeauty.com/specials/november/,Roux Beauty,Monthly Specials
https://rouxbeauty.com/specials/october/,Roux Beauty,Monthly Specials
https://rouxbeauty.com/specials/september/,Roux Beauty,Monthly Specials
https://rouxbeauty.com/stores/,Roux Beauty,Where to Buy
https://rouxbeauty.com/terms/,Roux Beauty,Legal/Policy
https://rouxbeauty.com/top-sellers/,Roux Beauty,Product Collection
https://rouxbeauty.com/weightless-precious-oils/,Roux Beauty,Product Line Landing
https://www.cutex.com/,Cutex,Homepage
https://www.cutex.com/about-us/,Cutex,About
https://www.cutex.com/contact-us/,Cutex,Contact
https://www.cutex.com/cutex,Cutex,Landing/Promo
https://www.cutex.com/dsar/,Cutex,Legal/Policy
https://www.cutex.com/privacy-policy/,Cutex,Legal/Policy
https://www.cutex.com/product-tag/acetone/,Cutex,Product Tag/Filter
https://www.cutex.com/product-tag/cuticle-oil/,Cutex,Product Tag/Filter
https://www.cutex.com/product-tag/gel/,Cutex,Product Tag/Filter
https://www.cutex.com/product-tag/jelly/,Cutex,Product Tag/Filter
https://www.cutex.com/product-tag/liquid/,Cutex,Product Tag/Filter
https://www.cutex.com/product-tag/nail-polish-remover/,Cutex,Product Tag/Filter
https://www.cutex.com/product-tag/nail-treatment/,Cutex,Product Tag/Filter
https://www.cutex.com/product-tag/non-acetone/,Cutex,Product Tag/Filter
https://www.cutex.com/product-tag/on-the-go/,Cutex,Product Tag/Filter
https://www.cutex.com/product-tag/pads/,Cutex,Product Tag/Filter
https://www.cutex.com/product-tag/recovery/,Cutex,Product Tag/Filter
https://www.cutex.com/product-tag/scented/,Cutex,Product Tag/Filter
https://www.cutex.com/product-tag/strengthener/,Cutex,Product Tag/Filter
https://www.cutex.com/product-tag/travel/,Cutex,Product Tag/Filter
https://www.cutex.com/product/all-in-one-strengthener/,Cutex,Product Detail
https://www.cutex.com/product/hydrating-cuticle-oil/,Cutex,Product Detail
https://www.cutex.com/product/intense-recovery/,Cutex,Product Detail
https://www.cutex.com/product/moisture-rich/,Cutex,Product Detail
https://www.cutex.com/product/non-acetone/,Cutex,Product Detail
https://www.cutex.com/product/nourishing/,Cutex,Product Detail
https://www.cutex.com/product/polish-away-sponge-pads/,Cutex,Product Detail
https://www.cutex.com/product/spot-on-jelly/,Cutex,Product Detail
https://www.cutex.com/product/strength-shield/,Cutex,Product Detail
https://www.cutex.com/product/swipe-go/,Cutex,Product Detail
https://www.cutex.com/product/swipe-go-non-acetone/,Cutex,Product Detail
https://www.cutex.com/product/twist-scrub-sponge/,Cutex,Product Detail
https://www.cutex.com/product/ultra-caring/,Cutex,Product Detail
https://www.cutex.com/product/ultra-powerful/,Cutex,Product Detail
https://www.cutex.com/product/ultra-powerful-tropical-breeze/,Cutex,Product Detail
https://www.cutex.com/shop/,Cutex,Product Collection
https://www.cutex.com/store/products/,Cutex,Product Collection
https://www.cutex.com/store/products/acetone-removers/,Cutex,Product Collection
https://www.cutex.com/store/products/nail-treatments/,Cutex,Product Collection
https://www.cutex.com/store/products/non-acetone-removers/,Cutex,Product Collection
https://www.cutex.com/terms-of-use/,Cutex,Legal/Policy
https://www.sinfulcolors.com/,Sinful Colors,Homepage
https://www.sinfulcolors.com/about-us/,Sinful Colors,About
https://www.sinfulcolors.com/contact-us/,Sinful Colors,Contact
https://www.sinfulcolors.com/dsar/,Sinful Colors,Legal/Policy
https://www.sinfulcolors.com/nail-polish/,Sinful Colors,Product Collection
https://www.sinfulcolors.com/nail-polish/bold-color/,Sinful Colors,Product Collection
https://www.sinfulcolors.com/nail-polish/essenchills/,Sinful Colors,Product Collection
https://www.sinfulcolors.com/nail-polish/nail-polish/,Sinful Colors,Product Collection
https://www.sinfulcolors.com/nail-polish/power-paint/,Sinful Colors,Product Collection
https://www.sinfulcolors.com/nail-polish/quick-bliss/,Sinful Colors,Product Collection
https://www.sinfulcolors.com/privacy-policy/,Sinful Colors,Legal/Policy
https://www.sinfulcolors.com/product-tag/nail-polish/,Sinful Colors,Product Tag/Filter
https://www.sinfulcolors.com/product-tag/power-paint/,Sinful Colors,Product Tag/Filter
https://www.sinfulcolors.com/product-tag/quick-bliss/,Sinful Colors,Product Tag/Filter
https://www.sinfulcolors.com/product/24k-drips/,Sinful Colors,Product Detail
https://www.sinfulcolors.com/product/aint-having-it/,Sinful Colors,Product Detail
https://www.sinfulcolors.com/product/bath-goals/,Sinful Colors,Product Detail
https://www.sinfulcolors.com/product/beach-vibes/,Sinful Colors,Product Detail
https://www.sinfulcolors.com/product/berry-charm/,Sinful Colors,Product Detail
https://www.sinfulcolors.com/product/biker-jacket/,Sinful Colors,Product Detail
https://www.sinfulcolors.com/product/bite/,Sinful Colors,Product Detail
https://www.sinfulcolors.com/product/bitten/,Sinful Colors,Product Detail
https://www.sinfulcolors.com/product/black-cherry/,Sinful Colors,Product Detail
https://www.sinfulcolors.com/product/black-on-black/,Sinful Colors,Product Detail
https://www.sinfulcolors.com/product/cari-bae-n/,Sinful Colors,Product Detail
https://www.sinfulcolors.com/product/chamomile-calm/,Sinful Colors,Product Detail
https://www.sinfulcolors.com/product/cherry-chaser/,Sinful Colors,Product Detail
https://www.sinfulcolors.com/product/clear-coat/,Sinful Colors,Product Detail
https://www.sinfulcolors.com/product/climaxxx/,Sinful Colors,Product Detail
https://www.sinfulcolors.com/product/coffee-drip/,Sinful Colors,Product Detail
https://www.sinfulcolors.com/product/diamonds-on-my-neck/,Sinful Colors,Product Detail
https://www.sinfulcolors.com/product/endless-blue/,Sinful Colors,Product Detail
https://www.sinfulcolors.com/product/eucalyptahhh/,Sinful Colors,Product Detail
https://www.sinfulcolors.com/product/flushed/,Sinful Colors,Product Detail
https://www.sinfulcolors.com/product/galaxy-gurl/,Sinful Colors,Product Detail
https://www.sinfulcolors.com/product/glass-pink/,Sinful Colors,Product Detail
https://www.sinfulcolors.com/product/gogo-girl/,Sinful Colors,Product Detail
https://www.sinfulcolors.com/product/hazard/,Sinful Colors,Product Detail
https://www.sinfulcolors.com/product/hit-the-spot/,Sinful Colors,Product Detail
https://www.sinfulcolors.com/product/ice-ice-cherry/,Sinful Colors,Product Detail
https://www.sinfulcolors.com/product/juicy/,Sinful Colors,Product Detail
https://www.sinfulcolors.com/product/let-me-go/,Sinful Colors,Product Detail
https://www.sinfulcolors.com/product/lets-talk/,Sinful Colors,Product Detail
https://www.sinfulcolors.com/product/lie-lac/,Sinful Colors,Product Detail
https://www.sinfulcolors.com/product/low-key-lavender/,Sinful Colors,Product Detail
https://www.sinfulcolors.com/product/never-not-working/,Sinful Colors,Product Detail
https://www.sinfulcolors.com/product/pink-smart/,Sinful Colors,Product Detail
https://www.sinfulcolors.com/product/pinky-glitter/,Sinful Colors,Product Detail
https://www.sinfulcolors.com/product/play-hard/,Sinful Colors,Product Detail
https://www.sinfulcolors.com/product/plum-n-berry/,Sinful Colors,Product Detail
https://www.sinfulcolors.com/product/pop-it/,Sinful Colors,Product Detail
https://www.sinfulcolors.com/product/power-moves/,Sinful Colors,Product Detail
https://www.sinfulcolors.com/product/prosecco-problems/,Sinful Colors,Product Detail
https://www.sinfulcolors.com/product/queen-of-beauty/,Sinful Colors,Product Detail
https://www.sinfulcolors.com/product/rise-shine/,Sinful Colors,Product Detail
https://www.sinfulcolors.com/product/sail-la-vie/,Sinful Colors,Product Detail
https://www.sinfulcolors.com/product/salt-bath-babe/,Sinful Colors,Product Detail
https://www.sinfulcolors.com/product/shine-honey/,Sinful Colors,Product Detail
https://www.sinfulcolors.com/product/smoky-palo-santo/,Sinful Colors,Product Detail
https://www.sinfulcolors.com/product/snow-me-white/,Sinful Colors,Product Detail
https://www.sinfulcolors.com/product/so-matcha-better/,Sinful Colors,Product Detail
https://www.sinfulcolors.com/product/starfish/,Sinful Colors,Product Detail
https://www.sinfulcolors.com/product/strengthening-top-coat/,Sinful Colors,Product Detail
https://www.sinfulcolors.com/product/sugar-sugar/,Sinful Colors,Product Detail
https://www.sinfulcolors.com/product/sweet-cheeks/,Sinful Colors,Product Detail
https://www.sinfulcolors.com/product/sweet-spicey/,Sinful Colors,Product Detail
https://www.sinfulcolors.com/product/taupe-is-dope/,Sinful Colors,Product Detail
https://www.sinfulcolors.com/product/tempest/,Sinful Colors,Product Detail
https://www.sinfulcolors.com/product/thimbleberry/,Sinful Colors,Product Detail
https://www.sinfulcolors.com/product/thrilled/,Sinful Colors,Product Detail
https://www.sinfulcolors.com/product/tokyo-pearl/,Sinful Colors,Product Detail
https://www.sinfulcolors.com/product/unicorns-r-real/,Sinful Colors,Product Detail
https://www.sinfulcolors.com/product/vacation-time/,Sinful Colors,Product Detail
https://www.sinfulcolors.com/product/violet-riot/,Sinful Colors,Product Detail
https://www.sinfulcolors.com/product/yolo-yellow/,Sinful Colors,Product Detail
https://www.sinfulcolors.com/saweetie-vacay-vibes-giveaway-terms/,Sinful Colors,Legal/Policy
https://www.sinfulcolors.com/saweetiehotline/,Sinful Colors,Landing/Promo
https://www.sinfulcolors.com/sinful-colors-2,Sinful Colors,Landing/Promo
https://www.sinfulcolors.com/terms-of-use/,Sinful Colors,Legal/Policy
